{
  "scoreBands": [
    {
      "min": 300,
      "max": 519,
      "label": "Very Poor",
      "monthlyBase": 199
    },
    {
      "min": 520,
      "max": 579,
      "label": "Poor",
      "monthlyBase": 179
    },
    {
      "min": 580,
      "max": 639,
      "label": "Fair - Low",
      "monthlyBase": 159
    },
    {
      "min": 640,
      "max": 679,
      "label": "Fair - High",
      "monthlyBase": 139
    },
    {
      "min": 680,
      "max": 719,
      "label": "Good",
      "monthlyBase": 119
    },
    {
      "min": 720,
      "max": 850,
      "label": "Excellent",
      "monthlyBase": 99
    }
  ],
  "setupFee": {
    "base": 75,
    "perDerogatory": 10
  },
  "monthlyPerDerogatory": 15,
  "rushUpliftPct": 50,
  "clampMonthly": {
    "min": 99,
    "max": 200
  },
  "addOns": {
    "idTheftPacket": 49,
    "creditEducation": 19,
    "portal": 299.99
  },
  "scoreModelWeights": {
    "utilization": -0.65,
    "onTimePct": 2.0,
    "avgAgeYears": 6.0,
    "inquiries": -5.0,
    "derogatories": -8.0
  },
  "baseScore": 650,
  "scoreBounds": {
    "min": 300,
    "max": 850
  },
  "dtiThresholds": {
    "ok": 36,
    "warn": 43
  }
}